number,building_material,parking_spaces,subway_stations_1km,amenities_500m,school_score,price_eok
1,목조,1.0,1.0,11.0,7.0,29.7
2,목조,2.0,3.0,2.0,3.0,29.6
3,벽돌,2.0,,11.0,9.0,30.3
4,벽돌,2.0,0.0,5.0,3.0,29.1
5,철근콘크리트,1.0,3.0,10.0,4.0,26.4
6,목조,2.0,2.0,8.0,8.0,36.4
7,벽돌,1.0,1.0,13.0,4.0,12.1
8,철근콘크리트,2.0,2.0,12.0,7.0,26.0
9,철근콘크리트,3.0,0.0,2.0,6.0,25.9
10,목조,,1.0,7.0,5.0,33.8
11,철근콘크리트,2.0,0.0,1.0,2.0,16.9
12,목조,2.0,1.0,7.0,9.0,23.0
13,벽돌,3.0,0.0,0.0,7.0,31.8
14,목조,2.0,1.0,1.0,6.0,26.3
15,철근콘크리트,2.0,1.0,1.0,3.0,28.5
16,목조,1.0,0.0,13.0,3.0,24.6
17,벽돌,1.0,0.0,9.0,2.0,28.5
18,철근콘크리트,2.0,2.0,14.0,9.0,45.0
19,철근콘크리트,2.0,3.0,13.0,1.0,30.1
20,벽돌,1.0,0.0,2.0,4.0,22.2
21,벽돌,2.0,1.0,8.0,2.0,25.9
22,목조,2.0,0.0,7.0,1.0,24.2
23,벽돌,1.0,2.0,4.0,1.0,23.7
24,철근콘크리트,1.0,0.0,11.0,7.0,25.6
25,,2.0,3.0,6.0,6.0,35.8
26,목조,2.0,3.0,8.0,10.0,28.4
27,벽돌,2.0,0.0,10.0,3.0,35.5
28,목조,2.0,0.0,10.0,6.0,35.2
29,벽돌,3.0,0.0,6.0,7.0,31.1
30,벽돌,3.0,3.0,9.0,1.0,39.0
31,철근콘크리트,2.0,1.0,11.0,5.0,20.0
32,목조,1.0,3.0,0.0,6.0,27.5
33,철근콘크리트,1.0,1.0,7.0,3.0,17.8
34,벽돌,2.0,1.0,0.0,5.0,20.7
35,벽돌,2.0,1.0,0.0,2.0,22.2
36,목조,3.0,1.0,9.0,3.0,29.3
37,목조,2.0,2.0,3.0,6.0,31.2
38,목조,2.0,2.0,7.0,6.0,20.8
39,철근콘크리트,1.0,1.0,12.0,8.0,29.9
40,목조,2.0,3.0,7.0,10.0,32.7
41,목조,2.0,2.0,9.0,9.0,40.9
42,철근콘크리트,1.0,3.0,8.0,8.0,33.5
43,벽돌,1.0,3.0,9.0,1.0,26.5
44,벽돌,2.0,3.0,7.0,9.0,36.1
45,목조,2.0,1.0,9.0,9.0,31.0
46,목조,1.0,1.0,6.0,1.0,18.9
47,철근콘크리트,1.0,1.0,9.0,6.0,25.8
48,철근콘크리트,1.0,1.0,12.0,6.0,24.0
49,벽돌,3.0,2.0,3.0,4.0,28.1
50,철근콘크리트,2.0,1.0,2.0,10.0,26.8
51,목조,1.0,1.0,11.0,5.0,23.3
52,,2.0,0.0,7.0,2.0,31.4
53,목조,2.0,1.0,12.0,3.0,24.1
54,철근콘크리트,1.0,3.0,9.0,8.0,34.4
55,목조,2.0,1.0,0.0,9.0,33.4
56,벽돌,2.0,0.0,0.0,2.0,30.5
57,벽돌,1.0,3.0,13.0,2.0,26.2
58,목조,2.0,2.0,5.0,2.0,30.0
59,목조,2.0,2.0,11.0,9.0,42.7
60,벽돌,2.0,3.0,9.0,7.0,33.0
61,철근콘크리트,1.0,3.0,4.0,4.0,22.4
62,벽돌,2.0,1.0,12.0,9.0,28.3
63,철근콘크리트,2.0,2.0,1.0,4.0,25.7
64,철근콘크리트,2.0,1.0,11.0,6.0,21.6
65,목조,2.0,,10.0,7.0,30.8
66,벽돌,2.0,,5.0,2.0,25.4
67,,1.0,2.0,7.0,2.0,17.6
68,목조,2.0,1.0,13.0,3.0,33.4
69,벽돌,1.0,1.0,8.0,5.0,24.7
70,벽돌,2.0,1.0,8.0,5.0,33.1
71,철근콘크리트,2.0,1.0,6.0,4.0,28.1
72,벽돌,2.0,,12.0,3.0,19.6
73,철근콘크리트,2.0,1.0,4.0,3.0,20.9
74,철근콘크리트,2.0,1.0,10.0,4.0,25.0
75,벽돌,2.0,3.0,8.0,7.0,25.0
76,철근콘크리트,2.0,2.0,7.0,9.0,36.6
77,철근콘크리트,2.0,0.0,13.0,4.0,24.6
78,벽돌,1.0,3.0,14.0,5.0,26.7
79,목조,2.0,3.0,5.0,5.0,27.1
80,철근콘크리트,2.0,2.0,2.0,10.0,34.2
81,목조,1.0,0.0,10.0,1.0,9.8
82,목조,1.0,3.0,5.0,7.0,30.5
83,목조,2.0,0.0,8.0,1.0,22.8
84,목조,1.0,3.0,14.0,5.0,16.1
85,벽돌,2.0,3.0,7.0,2.0,27.5
86,목조,2.0,2.0,12.0,2.0,36.5
87,목조,2.0,2.0,4.0,1.0,36.2
88,철근콘크리트,2.0,3.0,7.0,9.0,41.7
89,목조,2.0,3.0,3.0,5.0,33.5
90,목조,2.0,3.0,14.0,1.0,23.2
91,목조,2.0,2.0,14.0,8.0,36.8
92,목조,,2.0,0.0,4.0,27.9
93,목조,2.0,2.0,10.0,10.0,38.9
94,벽돌,1.0,0.0,12.0,3.0,12.0
95,철근콘크리트,,3.0,11.0,8.0,35.2
96,벽돌,1.0,3.0,1.0,1.0,29.0
97,벽돌,3.0,2.0,12.0,10.0,30.9
98,벽돌,2.0,3.0,9.0,9.0,44.2
99,목조,2.0,1.0,4.0,1.0,31.0
100,벽돌,2.0,1.0,9.0,5.0,31.9
101,벽돌,1.0,0.0,7.0,4.0,21.5
102,철근콘크리트,2.0,0.0,12.0,2.0,17.2
103,목조,1.0,3.0,5.0,7.0,24.8
104,벽돌,1.0,2.0,1.0,3.0,28.1
105,철근콘크리트,2.0,1.0,9.0,10.0,26.7
106,목조,2.0,0.0,9.0,7.0,33.0
107,목조,2.0,0.0,14.0,4.0,23.8
108,철근콘크리트,2.0,3.0,3.0,6.0,42.4
109,목조,2.0,3.0,1.0,5.0,23.1
110,벽돌,1.0,2.0,2.0,1.0,18.1
111,벽돌,1.0,3.0,3.0,4.0,26.1
112,벽돌,2.0,2.0,13.0,4.0,19.7
113,벽돌,1.0,1.0,9.0,2.0,18.1
114,,2.0,0.0,14.0,7.0,27.8
115,목조,1.0,1.0,3.0,8.0,15.3
116,목조,2.0,1.0,7.0,4.0,27.5
117,철근콘크리트,1.0,0.0,13.0,1.0,19.8
118,철근콘크리트,2.0,3.0,5.0,7.0,34.1
119,목조,1.0,0.0,13.0,6.0,19.5
120,벽돌,2.0,3.0,11.0,10.0,34.2
121,벽돌,1.0,2.0,6.0,1.0,27.8
122,철근콘크리트,2.0,,5.0,4.0,23.7
123,벽돌,2.0,1.0,10.0,2.0,22.9
124,철근콘크리트,2.0,0.0,12.0,9.0,21.8
125,벽돌,2.0,3.0,9.0,5.0,28.2
126,철근콘크리트,2.0,0.0,12.0,8.0,26.8
127,철근콘크리트,3.0,2.0,9.0,9.0,42.7
128,,1.0,2.0,2.0,2.0,19.3
129,목조,2.0,2.0,0.0,5.0,30.4
130,벽돌,1.0,1.0,6.0,6.0,24.7
131,목조,1.0,0.0,5.0,3.0,13.3
132,목조,2.0,1.0,5.0,5.0,14.8
133,벽돌,2.0,1.0,13.0,3.0,23.4
134,목조,2.0,1.0,3.0,6.0,30.0
135,벽돌,2.0,0.0,7.0,7.0,30.4
136,철근콘크리트,2.0,2.0,10.0,10.0,27.4
137,목조,2.0,3.0,2.0,5.0,37.6
138,철근콘크리트,1.0,2.0,13.0,5.0,25.3
139,벽돌,1.0,3.0,1.0,3.0,22.3
140,벽돌,2.0,2.0,3.0,1.0,32.0
141,목조,2.0,0.0,13.0,7.0,29.6
142,철근콘크리트,2.0,2.0,11.0,6.0,42.5
143,목조,2.0,1.0,11.0,6.0,25.1
144,목조,2.0,1.0,12.0,2.0,30.0
145,철근콘크리트,1.0,1.0,7.0,2.0,21.8
146,벽돌,2.0,3.0,1.0,7.0,34.1
147,벽돌,1.0,1.0,13.0,9.0,17.6
148,목조,2.0,0.0,6.0,2.0,21.8
149,철근콘크리트,2.0,0.0,8.0,4.0,19.1
150,벽돌,3.0,0.0,7.0,4.0,23.8
151,철근콘크리트,3.0,2.0,6.0,8.0,45.2
152,철근콘크리트,3.0,3.0,12.0,1.0,28.0
153,벽돌,1.0,2.0,14.0,3.0,26.2
154,목조,2.0,0.0,5.0,1.0,19.3
155,철근콘크리트,1.0,1.0,5.0,2.0,20.6
156,철근콘크리트,2.0,3.0,14.0,3.0,29.4
157,철근콘크리트,2.0,0.0,12.0,3.0,21.7
158,벽돌,2.0,3.0,9.0,5.0,17.4
159,목조,3.0,0.0,7.0,5.0,35.3
160,철근콘크리트,2.0,2.0,13.0,9.0,24.7
161,목조,2.0,3.0,2.0,7.0,34.5
162,철근콘크리트,2.0,1.0,4.0,1.0,25.9
163,철근콘크리트,2.0,2.0,0.0,5.0,35.2
164,철근콘크리트,2.0,1.0,7.0,10.0,41.0
165,철근콘크리트,2.0,3.0,14.0,7.0,36.4
166,철근콘크리트,2.0,0.0,5.0,7.0,22.3
167,목조,2.0,3.0,1.0,5.0,30.8
168,벽돌,2.0,0.0,7.0,7.0,25.4
169,벽돌,,0.0,12.0,6.0,31.3
170,철근콘크리트,1.0,0.0,14.0,7.0,22.8
171,벽돌,1.0,0.0,14.0,7.0,27.6
172,목조,2.0,3.0,14.0,5.0,29.9
173,철근콘크리트,2.0,3.0,0.0,8.0,31.7
174,벽돌,2.0,1.0,1.0,5.0,31.8
175,목조,2.0,2.0,11.0,8.0,30.5
176,철근콘크리트,,0.0,0.0,1.0,21.6
177,목조,2.0,1.0,13.0,6.0,23.2
178,철근콘크리트,1.0,0.0,0.0,7.0,12.4
179,철근콘크리트,2.0,2.0,1.0,9.0,36.2
180,목조,2.0,3.0,6.0,10.0,39.7
181,목조,1.0,1.0,2.0,7.0,19.5
182,목조,1.0,,12.0,8.0,20.2
183,벽돌,2.0,0.0,13.0,1.0,28.6
184,목조,2.0,2.0,4.0,2.0,35.2
185,목조,1.0,2.0,3.0,2.0,28.2
186,철근콘크리트,1.0,1.0,12.0,7.0,23.9
187,목조,2.0,2.0,7.0,1.0,35.9
188,벽돌,1.0,1.0,7.0,5.0,11.8
189,벽돌,3.0,2.0,8.0,7.0,29.1
190,벽돌,2.0,1.0,3.0,4.0,25.1
191,목조,2.0,2.0,11.0,9.0,36.9
192,목조,1.0,2.0,13.0,4.0,18.8
193,철근콘크리트,1.0,1.0,1.0,3.0,15.0
194,목조,2.0,2.0,3.0,4.0,24.3
195,목조,1.0,0.0,1.0,5.0,24.2
196,벽돌,3.0,3.0,2.0,8.0,36.6
197,벽돌,1.0,3.0,4.0,3.0,27.0
198,목조,2.0,0.0,5.0,10.0,24.6
199,철근콘크리트,1.0,1.0,9.0,2.0,20.3
200,목조,2.0,1.0,5.0,5.0,29.1
201,목조,2.0,0.0,14.0,7.0,27.5
202,벽돌,1.0,2.0,1.0,1.0,25.4
203,목조,2.0,0.0,8.0,7.0,29.8
204,벽돌,1.0,3.0,5.0,5.0,27.2
205,목조,3.0,3.0,4.0,9.0,34.3
206,벽돌,3.0,3.0,7.0,3.0,40.1
207,벽돌,2.0,3.0,11.0,4.0,25.2
208,철근콘크리트,3.0,1.0,10.0,2.0,24.9
209,철근콘크리트,3.0,1.0,2.0,3.0,33.5
210,철근콘크리트,2.0,2.0,14.0,3.0,23.2
211,목조,2.0,0.0,12.0,6.0,25.0
212,벽돌,2.0,1.0,7.0,8.0,23.2
213,목조,1.0,0.0,5.0,1.0,18.8
214,벽돌,1.0,1.0,9.0,3.0,13.5
215,벽돌,,2.0,14.0,7.0,31.0
216,목조,2.0,1.0,4.0,7.0,30.0
217,철근콘크리트,2.0,1.0,2.0,9.0,30.1
218,벽돌,2.0,2.0,10.0,6.0,32.6
219,철근콘크리트,3.0,2.0,9.0,1.0,36.2
220,목조,1.0,3.0,8.0,7.0,28.7
221,벽돌,1.0,2.0,4.0,9.0,34.7
222,철근콘크리트,2.0,0.0,10.0,2.0,22.0
223,철근콘크리트,,,7.0,10.0,23.5
224,목조,3.0,0.0,2.0,8.0,40.2
225,벽돌,2.0,3.0,14.0,8.0,32.9
226,벽돌,1.0,3.0,7.0,9.0,16.5
227,목조,1.0,3.0,4.0,1.0,32.6
228,철근콘크리트,1.0,2.0,4.0,6.0,25.9
229,벽돌,1.0,1.0,13.0,4.0,15.8
230,철근콘크리트,3.0,2.0,0.0,10.0,37.2
231,벽돌,3.0,1.0,13.0,2.0,26.7
232,목조,3.0,1.0,6.0,10.0,26.1
233,벽돌,2.0,1.0,14.0,9.0,19.4
234,철근콘크리트,2.0,2.0,4.0,8.0,39.8
235,목조,1.0,1.0,11.0,7.0,25.5
236,벽돌,2.0,3.0,10.0,4.0,31.2
237,벽돌,2.0,3.0,14.0,6.0,27.9
238,목조,3.0,2.0,1.0,5.0,44.1
239,철근콘크리트,1.0,2.0,11.0,5.0,31.0
240,벽돌,2.0,2.0,2.0,10.0,22.8
241,철근콘크리트,2.0,1.0,3.0,9.0,19.3
242,벽돌,1.0,3.0,5.0,1.0,16.5
243,철근콘크리트,2.0,0.0,12.0,8.0,27.4
244,목조,2.0,0.0,12.0,10.0,33.5
245,벽돌,3.0,2.0,4.0,5.0,29.7
246,벽돌,2.0,2.0,4.0,3.0,33.2
247,,2.0,0.0,0.0,1.0,27.2
248,철근콘크리트,1.0,3.0,12.0,5.0,27.1
249,목조,2.0,3.0,10.0,7.0,29.7
250,벽돌,2.0,1.0,8.0,7.0,20.1
251,철근콘크리트,2.0,3.0,1.0,10.0,38.8
252,벽돌,1.0,2.0,9.0,10.0,32.7
253,벽돌,2.0,2.0,6.0,2.0,15.4
254,철근콘크리트,1.0,3.0,3.0,5.0,28.0
255,목조,2.0,2.0,9.0,7.0,33.1
256,목조,2.0,1.0,7.0,4.0,21.5
257,벽돌,1.0,0.0,9.0,8.0,16.0
258,철근콘크리트,2.0,0.0,8.0,5.0,25.8
259,벽돌,2.0,0.0,3.0,2.0,27.4
260,목조,1.0,0.0,7.0,1.0,19.9
261,철근콘크리트,2.0,3.0,2.0,3.0,36.7
262,철근콘크리트,2.0,2.0,1.0,8.0,30.4
263,벽돌,2.0,3.0,2.0,1.0,26.5
264,철근콘크리트,2.0,1.0,10.0,3.0,34.4
265,목조,2.0,3.0,7.0,2.0,29.2
266,철근콘크리트,1.0,1.0,3.0,6.0,18.7
267,철근콘크리트,3.0,0.0,9.0,8.0,32.8
268,목조,2.0,0.0,8.0,1.0,28.6
269,목조,1.0,0.0,14.0,8.0,25.8
270,벽돌,2.0,3.0,12.0,10.0,35.0
271,벽돌,2.0,,1.0,3.0,27.8
272,철근콘크리트,2.0,0.0,7.0,9.0,29.2
273,목조,1.0,3.0,10.0,5.0,23.0
274,벽돌,2.0,0.0,12.0,8.0,18.7
275,목조,2.0,0.0,4.0,5.0,30.2
276,목조,2.0,1.0,5.0,5.0,32.9
277,벽돌,2.0,2.0,0.0,4.0,34.5
278,철근콘크리트,2.0,3.0,7.0,10.0,33.3
279,목조,1.0,2.0,6.0,6.0,22.0
280,철근콘크리트,2.0,1.0,14.0,2.0,32.7
281,목조,1.0,0.0,3.0,3.0,14.9
282,벽돌,1.0,3.0,3.0,2.0,30.6
283,벽돌,1.0,0.0,2.0,4.0,26.6
284,목조,2.0,3.0,6.0,6.0,41.1
285,벽돌,3.0,2.0,3.0,6.0,40.0
286,목조,1.0,2.0,10.0,6.0,30.1
287,벽돌,2.0,1.0,4.0,5.0,30.3
288,철근콘크리트,1.0,2.0,7.0,3.0,24.1
289,목조,2.0,,3.0,8.0,33.0
290,목조,3.0,0.0,2.0,2.0,24.4
291,철근콘크리트,2.0,2.0,11.0,8.0,33.9
292,목조,1.0,0.0,14.0,7.0,21.7
293,벽돌,,3.0,1.0,6.0,31.4
294,목조,2.0,3.0,8.0,5.0,31.0
295,철근콘크리트,1.0,3.0,7.0,6.0,22.1
296,벽돌,2.0,1.0,12.0,1.0,20.4
297,철근콘크리트,3.0,3.0,7.0,4.0,34.3
298,철근콘크리트,2.0,3.0,1.0,3.0,29.8
299,벽돌,1.0,0.0,11.0,9.0,12.2
300,철근콘크리트,2.0,0.0,5.0,3.0,18.6
301,목조,1.0,0.0,1.0,7.0,23.5
302,목조,3.0,1.0,11.0,3.0,26.1
303,철근콘크리트,2.0,1.0,5.0,7.0,40.2
304,철근콘크리트,2.0,0.0,6.0,2.0,20.0
305,,2.0,2.0,8.0,2.0,33.6
306,목조,1.0,0.0,10.0,9.0,17.3
307,철근콘크리트,2.0,0.0,14.0,1.0,21.2
308,벽돌,1.0,3.0,1.0,7.0,27.0
309,철근콘크리트,2.0,3.0,1.0,8.0,34.9
310,벽돌,1.0,2.0,8.0,6.0,28.6
311,벽돌,1.0,2.0,0.0,5.0,26.9
312,벽돌,1.0,0.0,8.0,7.0,23.0
313,철근콘크리트,1.0,0.0,2.0,8.0,21.7
314,목조,1.0,,8.0,2.0,16.4
315,철근콘크리트,2.0,2.0,4.0,4.0,34.1
316,목조,1.0,1.0,11.0,9.0,29.8
317,철근콘크리트,2.0,1.0,5.0,3.0,29.4
318,,2.0,3.0,14.0,8.0,32.9
319,철근콘크리트,1.0,2.0,12.0,6.0,24.7
320,,2.0,2.0,11.0,1.0,30.4
321,목조,1.0,1.0,0.0,8.0,14.4
322,벽돌,2.0,1.0,14.0,8.0,38.7
323,벽돌,2.0,3.0,13.0,4.0,25.5
324,벽돌,3.0,0.0,5.0,9.0,35.4
325,목조,2.0,3.0,13.0,8.0,36.5
326,철근콘크리트,1.0,0.0,9.0,6.0,22.3
327,벽돌,2.0,2.0,8.0,8.0,37.1
328,,2.0,,10.0,9.0,26.8
329,벽돌,2.0,2.0,12.0,9.0,34.5
330,철근콘크리트,2.0,3.0,14.0,4.0,40.8
331,벽돌,1.0,3.0,14.0,9.0,33.3
332,철근콘크리트,2.0,2.0,9.0,3.0,29.0
333,철근콘크리트,2.0,0.0,6.0,1.0,23.8
334,목조,3.0,3.0,9.0,8.0,44.7
335,철근콘크리트,2.0,0.0,2.0,6.0,27.5
336,벽돌,2.0,2.0,2.0,10.0,20.4
337,목조,2.0,0.0,10.0,2.0,24.5
338,철근콘크리트,3.0,3.0,10.0,5.0,30.3
339,철근콘크리트,2.0,0.0,0.0,5.0,22.2
340,벽돌,1.0,1.0,14.0,8.0,33.7
341,목조,2.0,0.0,6.0,9.0,27.5
342,목조,2.0,2.0,8.0,9.0,34.2
343,벽돌,2.0,0.0,7.0,1.0,24.0
344,벽돌,2.0,3.0,12.0,7.0,27.2
345,철근콘크리트,2.0,2.0,2.0,10.0,24.4
346,철근콘크리트,1.0,1.0,13.0,2.0,20.3
347,목조,2.0,1.0,5.0,2.0,30.0
348,목조,1.0,2.0,9.0,4.0,25.3
349,벽돌,1.0,1.0,14.0,6.0,16.2
350,목조,2.0,0.0,9.0,1.0,23.0
351,,2.0,3.0,13.0,5.0,46.6
352,목조,1.0,0.0,13.0,2.0,16.1
353,벽돌,1.0,0.0,2.0,3.0,8.4
354,철근콘크리트,2.0,0.0,5.0,6.0,22.7
355,철근콘크리트,2.0,2.0,11.0,3.0,21.7
356,목조,1.0,3.0,4.0,6.0,31.7
357,목조,2.0,,9.0,10.0,37.8
358,목조,1.0,0.0,6.0,4.0,22.1
359,벽돌,2.0,2.0,7.0,4.0,33.1
360,벽돌,1.0,2.0,7.0,3.0,14.9
361,,2.0,3.0,0.0,3.0,30.8
362,벽돌,2.0,1.0,7.0,4.0,20.4
363,철근콘크리트,2.0,1.0,0.0,6.0,31.7
364,목조,1.0,1.0,10.0,6.0,20.6
365,철근콘크리트,2.0,2.0,8.0,7.0,21.5
366,목조,3.0,1.0,7.0,1.0,22.2
367,목조,2.0,2.0,4.0,3.0,30.5
368,철근콘크리트,2.0,0.0,11.0,5.0,34.4
369,벽돌,2.0,1.0,4.0,1.0,23.7
370,목조,,1.0,8.0,8.0,30.3
371,철근콘크리트,2.0,1.0,6.0,2.0,20.3
372,벽돌,2.0,0.0,14.0,10.0,28.7
373,벽돌,1.0,0.0,11.0,9.0,23.1
374,철근콘크리트,1.0,3.0,14.0,6.0,32.3
375,철근콘크리트,2.0,1.0,11.0,6.0,27.2
376,철근콘크리트,2.0,3.0,2.0,3.0,36.4
377,벽돌,2.0,1.0,14.0,3.0,30.1
378,철근콘크리트,2.0,2.0,8.0,4.0,29.7
379,목조,1.0,0.0,4.0,5.0,19.7
380,목조,2.0,0.0,5.0,10.0,26.7
381,벽돌,2.0,1.0,11.0,2.0,27.0
382,목조,1.0,0.0,0.0,4.0,25.9
383,철근콘크리트,2.0,1.0,9.0,9.0,24.7
384,목조,2.0,0.0,0.0,7.0,23.6
385,철근콘크리트,2.0,0.0,3.0,5.0,22.9
386,목조,2.0,2.0,2.0,8.0,35.8
387,철근콘크리트,3.0,1.0,8.0,9.0,27.6
388,벽돌,2.0,0.0,4.0,3.0,27.2
389,철근콘크리트,3.0,1.0,8.0,9.0,36.7
390,목조,2.0,1.0,13.0,5.0,26.0
391,철근콘크리트,2.0,2.0,9.0,2.0,29.3
392,목조,1.0,2.0,12.0,10.0,30.0
393,목조,,2.0,5.0,7.0,29.0
394,목조,3.0,1.0,10.0,10.0,41.9
395,철근콘크리트,2.0,1.0,8.0,1.0,28.4
396,목조,1.0,3.0,3.0,5.0,28.1
397,철근콘크리트,2.0,1.0,13.0,9.0,27.3
398,철근콘크리트,2.0,2.0,1.0,10.0,28.7
399,철근콘크리트,2.0,0.0,9.0,4.0,23.7
400,벽돌,3.0,1.0,6.0,5.0,29.2
401,목조,2.0,1.0,1.0,4.0,27.1
402,벽돌,1.0,3.0,13.0,3.0,30.5
403,목조,1.0,0.0,11.0,9.0,28.7
404,철근콘크리트,2.0,3.0,12.0,4.0,31.9
405,벽돌,1.0,2.0,13.0,8.0,28.0
406,벽돌,1.0,0.0,12.0,10.0,20.2
407,벽돌,1.0,3.0,7.0,9.0,29.2
408,철근콘크리트,2.0,2.0,10.0,5.0,37.3
409,철근콘크리트,2.0,0.0,9.0,3.0,29.2
410,목조,2.0,3.0,5.0,2.0,35.5
411,철근콘크리트,2.0,1.0,3.0,9.0,27.4
412,철근콘크리트,3.0,2.0,6.0,5.0,30.1
413,,1.0,0.0,0.0,5.0,27.3
414,철근콘크리트,1.0,0.0,0.0,8.0,19.1
415,벽돌,1.0,1.0,10.0,3.0,13.2
416,목조,2.0,3.0,6.0,7.0,26.0
417,철근콘크리트,1.0,0.0,2.0,7.0,20.6
418,목조,2.0,1.0,14.0,4.0,20.2
419,목조,2.0,3.0,0.0,9.0,22.5
420,벽돌,2.0,0.0,7.0,3.0,29.9
421,철근콘크리트,3.0,1.0,5.0,6.0,34.5
422,벽돌,2.0,,0.0,10.0,35.6
423,벽돌,1.0,2.0,11.0,2.0,20.6
424,벽돌,2.0,1.0,12.0,2.0,20.1
425,철근콘크리트,2.0,2.0,4.0,4.0,16.7
426,벽돌,1.0,3.0,4.0,4.0,24.1
427,철근콘크리트,2.0,0.0,8.0,6.0,20.5
428,목조,2.0,0.0,9.0,10.0,25.7
429,벽돌,2.0,0.0,1.0,3.0,22.6
430,철근콘크리트,2.0,2.0,12.0,10.0,40.6
431,철근콘크리트,3.0,0.0,3.0,3.0,35.6
432,철근콘크리트,2.0,2.0,2.0,8.0,38.3
433,목조,2.0,2.0,3.0,1.0,25.6
434,철근콘크리트,2.0,0.0,7.0,1.0,25.9
435,,2.0,1.0,4.0,9.0,28.5
436,목조,3.0,,2.0,10.0,27.3
437,철근콘크리트,1.0,0.0,6.0,4.0,15.2
438,벽돌,1.0,1.0,9.0,9.0,23.6
439,철근콘크리트,1.0,0.0,11.0,3.0,20.6
440,벽돌,1.0,3.0,9.0,6.0,31.7
441,벽돌,2.0,0.0,5.0,6.0,15.7
442,벽돌,2.0,2.0,3.0,9.0,29.3
443,목조,2.0,2.0,9.0,7.0,28.7
444,목조,1.0,2.0,10.0,8.0,31.0
445,벽돌,1.0,1.0,4.0,10.0,24.8
446,벽돌,2.0,2.0,3.0,8.0,24.5
447,철근콘크리트,2.0,2.0,0.0,3.0,20.4
448,철근콘크리트,2.0,3.0,7.0,1.0,18.3
449,벽돌,2.0,1.0,10.0,6.0,21.9
450,철근콘크리트,1.0,3.0,5.0,9.0,20.6
451,목조,1.0,0.0,0.0,4.0,26.8
452,목조,,2.0,10.0,2.0,29.6
453,목조,3.0,0.0,3.0,10.0,27.4
454,,2.0,1.0,5.0,5.0,24.5
455,철근콘크리트,2.0,0.0,7.0,6.0,23.9
456,철근콘크리트,2.0,,1.0,6.0,39.3
457,벽돌,2.0,3.0,0.0,8.0,32.7
458,목조,2.0,0.0,14.0,8.0,24.0
459,목조,3.0,3.0,13.0,10.0,39.8
460,철근콘크리트,2.0,3.0,1.0,5.0,28.5
461,목조,2.0,3.0,4.0,5.0,32.8
462,철근콘크리트,2.0,2.0,9.0,6.0,28.4
463,벽돌,1.0,2.0,7.0,10.0,14.6
464,벽돌,2.0,2.0,11.0,7.0,22.8
465,벽돌,1.0,3.0,7.0,10.0,23.3
466,벽돌,2.0,3.0,13.0,10.0,39.2
467,철근콘크리트,1.0,,5.0,9.0,31.9
468,목조,2.0,1.0,1.0,1.0,20.6
469,목조,1.0,3.0,0.0,8.0,25.2
470,벽돌,2.0,,0.0,5.0,25.4
471,목조,3.0,2.0,0.0,10.0,29.6
472,벽돌,2.0,3.0,8.0,1.0,32.2
473,철근콘크리트,2.0,0.0,7.0,5.0,29.0
474,철근콘크리트,2.0,2.0,14.0,2.0,25.4
475,철근콘크리트,2.0,2.0,8.0,5.0,26.2
476,목조,2.0,0.0,12.0,7.0,27.3
477,철근콘크리트,2.0,0.0,6.0,2.0,33.3
478,철근콘크리트,,0.0,13.0,9.0,25.0
479,,2.0,1.0,9.0,9.0,30.1
480,벽돌,2.0,0.0,12.0,6.0,27.5
481,철근콘크리트,2.0,2.0,5.0,6.0,35.2
482,벽돌,2.0,0.0,2.0,4.0,26.2
483,벽돌,2.0,1.0,7.0,3.0,26.0
484,벽돌,2.0,2.0,13.0,5.0,24.2
485,벽돌,1.0,1.0,12.0,6.0,19.5
486,철근콘크리트,2.0,,0.0,8.0,24.0
487,목조,2.0,3.0,3.0,2.0,30.6
488,벽돌,2.0,0.0,10.0,5.0,15.8
489,벽돌,2.0,1.0,1.0,7.0,21.4
490,목조,2.0,2.0,12.0,10.0,41.7
491,철근콘크리트,1.0,2.0,9.0,9.0,28.2
492,목조,2.0,2.0,10.0,9.0,30.7
493,벽돌,2.0,1.0,1.0,6.0,27.3
494,철근콘크리트,2.0,0.0,5.0,6.0,16.1
495,목조,2.0,3.0,9.0,8.0,20.2
496,목조,,1.0,4.0,8.0,28.5
497,벽돌,2.0,1.0,14.0,5.0,21.9
498,벽돌,2.0,1.0,6.0,4.0,30.3
499,철근콘크리트,2.0,1.0,10.0,6.0,24.4
500,벽돌,3.0,0.0,0.0,3.0,31.5
501,벽돌,,0.0,4.0,7.0,25.9
502,철근콘크리트,2.0,2.0,0.0,6.0,19.2
503,벽돌,1.0,1.0,9.0,8.0,22.0
504,벽돌,1.0,0.0,13.0,4.0,19.6
505,목조,2.0,3.0,5.0,10.0,33.2
506,목조,2.0,3.0,1.0,4.0,42.3
507,철근콘크리트,2.0,3.0,12.0,10.0,38.5
508,목조,2.0,1.0,3.0,4.0,19.9
509,철근콘크리트,3.0,3.0,14.0,9.0,45.6
510,목조,2.0,2.0,8.0,6.0,28.8
511,,2.0,,0.0,9.0,33.5
512,벽돌,2.0,,7.0,9.0,32.1
513,목조,2.0,3.0,4.0,10.0,26.8
514,벽돌,2.0,0.0,9.0,9.0,28.7
515,철근콘크리트,2.0,2.0,7.0,6.0,20.6
516,벽돌,2.0,3.0,9.0,9.0,32.9
517,철근콘크리트,1.0,,1.0,2.0,21.1
518,목조,1.0,1.0,8.0,10.0,29.7
519,벽돌,1.0,2.0,8.0,10.0,29.7
520,철근콘크리트,2.0,2.0,0.0,1.0,39.0
521,,,2.0,10.0,9.0,36.3
522,철근콘크리트,2.0,3.0,13.0,7.0,41.9
523,철근콘크리트,1.0,3.0,3.0,7.0,26.0
524,철근콘크리트,2.0,3.0,0.0,4.0,33.0
525,목조,1.0,2.0,4.0,3.0,25.9
526,목조,2.0,2.0,9.0,5.0,25.9
527,목조,2.0,1.0,1.0,2.0,16.1
528,목조,3.0,3.0,2.0,8.0,37.7
529,철근콘크리트,1.0,1.0,11.0,9.0,27.5
530,벽돌,1.0,2.0,13.0,7.0,27.7
531,벽돌,1.0,0.0,13.0,10.0,19.1
532,벽돌,2.0,1.0,12.0,3.0,35.6
533,철근콘크리트,2.0,3.0,9.0,6.0,26.5
534,목조,1.0,3.0,5.0,2.0,26.3
535,벽돌,2.0,0.0,6.0,7.0,29.2
536,철근콘크리트,2.0,1.0,0.0,7.0,34.7
537,벽돌,1.0,2.0,0.0,10.0,28.1
538,벽돌,2.0,0.0,10.0,9.0,35.2
539,벽돌,3.0,2.0,1.0,9.0,38.7
540,목조,2.0,1.0,8.0,6.0,21.8
541,벽돌,1.0,0.0,7.0,6.0,18.7
542,벽돌,1.0,0.0,10.0,1.0,21.2
543,목조,2.0,0.0,6.0,7.0,34.1
544,철근콘크리트,3.0,3.0,13.0,1.0,38.3
545,목조,1.0,0.0,13.0,3.0,24.0
546,철근콘크리트,1.0,3.0,11.0,1.0,25.3
547,목조,2.0,1.0,11.0,1.0,30.7
548,목조,2.0,3.0,11.0,8.0,39.2
549,벽돌,1.0,0.0,10.0,4.0,17.9
550,벽돌,2.0,0.0,3.0,5.0,28.1
551,목조,3.0,2.0,2.0,5.0,39.4
552,목조,2.0,2.0,3.0,9.0,33.0
553,철근콘크리트,2.0,0.0,12.0,3.0,20.0
554,목조,2.0,3.0,2.0,9.0,36.9
555,벽돌,1.0,2.0,11.0,5.0,25.2
556,철근콘크리트,1.0,3.0,14.0,6.0,19.9
557,벽돌,2.0,,9.0,7.0,27.3
558,철근콘크리트,2.0,1.0,4.0,10.0,36.2
559,목조,1.0,0.0,13.0,6.0,23.9
560,철근콘크리트,1.0,1.0,12.0,6.0,24.1
561,목조,2.0,1.0,4.0,7.0,25.1
562,목조,1.0,1.0,0.0,1.0,14.6
563,벽돌,2.0,2.0,6.0,10.0,25.5
564,목조,3.0,2.0,14.0,6.0,37.3
565,목조,1.0,1.0,0.0,4.0,28.0
566,목조,2.0,0.0,6.0,3.0,29.0
567,목조,2.0,2.0,8.0,8.0,30.4
568,벽돌,2.0,2.0,9.0,10.0,27.1
569,철근콘크리트,2.0,2.0,11.0,2.0,32.8
570,벽돌,2.0,0.0,7.0,8.0,26.4
571,목조,1.0,3.0,12.0,7.0,27.5
572,목조,2.0,1.0,10.0,10.0,35.2
573,목조,2.0,2.0,6.0,2.0,27.8
574,철근콘크리트,1.0,2.0,11.0,7.0,23.1
575,벽돌,3.0,0.0,10.0,4.0,33.2
576,철근콘크리트,2.0,1.0,3.0,3.0,21.0
577,철근콘크리트,1.0,2.0,7.0,10.0,20.1
578,철근콘크리트,1.0,1.0,1.0,2.0,13.2
579,철근콘크리트,2.0,0.0,7.0,10.0,30.6
580,철근콘크리트,1.0,3.0,13.0,10.0,20.5
581,목조,2.0,3.0,0.0,1.0,28.7
582,철근콘크리트,1.0,0.0,4.0,5.0,18.7
583,철근콘크리트,2.0,2.0,8.0,2.0,31.4
584,벽돌,2.0,3.0,13.0,3.0,31.5
585,철근콘크리트,1.0,0.0,9.0,2.0,23.4
586,철근콘크리트,2.0,2.0,3.0,4.0,28.8
587,벽돌,1.0,1.0,3.0,10.0,30.5
588,벽돌,1.0,0.0,5.0,5.0,28.8
589,벽돌,1.0,0.0,9.0,8.0,14.7
590,벽돌,2.0,0.0,10.0,1.0,32.5
591,벽돌,1.0,3.0,0.0,10.0,27.4
592,벽돌,2.0,0.0,10.0,4.0,17.7
593,철근콘크리트,2.0,,11.0,3.0,19.1
594,철근콘크리트,3.0,2.0,0.0,6.0,34.1
595,철근콘크리트,2.0,1.0,5.0,1.0,25.0
596,벽돌,2.0,3.0,3.0,10.0,40.8
597,,1.0,0.0,7.0,5.0,25.2
598,목조,2.0,0.0,9.0,1.0,19.3
599,철근콘크리트,1.0,1.0,5.0,2.0,21.2
600,철근콘크리트,,3.0,10.0,7.0,39.7
601,철근콘크리트,2.0,,7.0,7.0,22.4
602,벽돌,2.0,3.0,14.0,4.0,31.9
603,철근콘크리트,2.0,0.0,1.0,1.0,17.1
604,철근콘크리트,2.0,3.0,4.0,2.0,33.1
605,철근콘크리트,2.0,3.0,12.0,2.0,29.0
606,목조,3.0,1.0,12.0,7.0,33.2
607,벽돌,2.0,2.0,4.0,3.0,27.0
608,벽돌,1.0,2.0,11.0,10.0,22.2
609,철근콘크리트,1.0,2.0,8.0,7.0,33.5
610,철근콘크리트,2.0,0.0,13.0,7.0,35.8
611,목조,2.0,1.0,6.0,5.0,17.1
612,목조,,0.0,8.0,6.0,13.0
613,철근콘크리트,2.0,1.0,2.0,2.0,21.5
614,철근콘크리트,2.0,1.0,13.0,1.0,27.8
615,철근콘크리트,,2.0,8.0,7.0,21.6
616,목조,1.0,3.0,5.0,8.0,23.3
617,벽돌,1.0,2.0,4.0,5.0,16.8
618,철근콘크리트,2.0,3.0,9.0,5.0,20.3
619,목조,3.0,3.0,11.0,5.0,37.4
620,벽돌,1.0,0.0,10.0,4.0,25.1
621,철근콘크리트,2.0,3.0,10.0,3.0,27.4
622,목조,2.0,2.0,0.0,5.0,33.7
623,목조,1.0,1.0,10.0,8.0,32.7
624,목조,1.0,3.0,7.0,5.0,27.7
625,벽돌,1.0,1.0,10.0,5.0,15.0
626,벽돌,1.0,0.0,7.0,2.0,6.2
627,철근콘크리트,1.0,3.0,8.0,6.0,25.1
628,철근콘크리트,2.0,3.0,13.0,9.0,29.1
629,벽돌,1.0,3.0,5.0,3.0,22.4
630,목조,1.0,0.0,3.0,7.0,24.3
631,벽돌,2.0,0.0,2.0,8.0,20.2
632,벽돌,2.0,2.0,0.0,5.0,40.2
633,벽돌,2.0,1.0,0.0,5.0,21.0
634,철근콘크리트,2.0,1.0,7.0,10.0,35.1
635,목조,1.0,3.0,13.0,2.0,24.6
636,목조,2.0,2.0,7.0,7.0,28.7
637,목조,1.0,3.0,1.0,9.0,28.8
638,벽돌,2.0,2.0,12.0,2.0,31.0
639,목조,1.0,0.0,12.0,1.0,10.3
640,벽돌,2.0,2.0,10.0,7.0,22.2
641,,2.0,3.0,11.0,5.0,26.3
642,목조,2.0,3.0,3.0,2.0,22.6
643,벽돌,1.0,0.0,4.0,10.0,21.2
644,목조,2.0,0.0,6.0,9.0,24.9
645,벽돌,3.0,0.0,2.0,4.0,27.0
646,,1.0,0.0,3.0,5.0,25.1
647,목조,2.0,1.0,13.0,2.0,29.0
648,목조,2.0,2.0,11.0,9.0,26.8
649,철근콘크리트,1.0,2.0,7.0,1.0,20.0
650,벽돌,2.0,0.0,14.0,9.0,28.9
651,벽돌,2.0,1.0,5.0,7.0,26.2
652,철근콘크리트,2.0,0.0,12.0,5.0,22.2
653,목조,2.0,0.0,6.0,4.0,24.9
654,목조,2.0,0.0,3.0,10.0,23.5
655,철근콘크리트,2.0,0.0,9.0,8.0,33.0
656,철근콘크리트,2.0,1.0,1.0,8.0,21.3
657,철근콘크리트,2.0,3.0,2.0,10.0,30.1
658,벽돌,2.0,3.0,4.0,2.0,19.7
659,벽돌,,3.0,11.0,9.0,35.7
660,벽돌,2.0,3.0,9.0,9.0,36.8
661,철근콘크리트,2.0,1.0,3.0,3.0,24.4
662,벽돌,2.0,1.0,7.0,9.0,22.8
663,벽돌,2.0,3.0,7.0,3.0,25.1
664,철근콘크리트,2.0,3.0,4.0,3.0,32.4
665,벽돌,2.0,3.0,6.0,5.0,24.0
666,벽돌,1.0,1.0,1.0,4.0,21.7
667,벽돌,2.0,2.0,1.0,4.0,27.6
668,목조,2.0,2.0,11.0,4.0,36.2
669,목조,1.0,3.0,0.0,3.0,17.3
670,목조,3.0,,12.0,3.0,34.5
671,벽돌,2.0,0.0,14.0,9.0,21.1
672,벽돌,1.0,3.0,10.0,7.0,26.2
673,철근콘크리트,2.0,1.0,2.0,8.0,17.4
674,목조,2.0,0.0,13.0,10.0,34.3
675,목조,2.0,1.0,9.0,4.0,29.3
676,벽돌,3.0,0.0,7.0,9.0,35.7
677,벽돌,1.0,1.0,5.0,1.0,16.8
678,철근콘크리트,2.0,0.0,4.0,1.0,28.2
679,철근콘크리트,2.0,3.0,9.0,6.0,29.2
680,목조,,2.0,10.0,4.0,23.9
681,철근콘크리트,1.0,3.0,6.0,4.0,27.5
682,벽돌,1.0,3.0,1.0,1.0,24.7
683,벽돌,3.0,3.0,14.0,3.0,31.5
684,목조,2.0,1.0,7.0,5.0,24.7
685,벽돌,1.0,0.0,6.0,5.0,15.1
686,목조,2.0,,0.0,3.0,32.6
687,목조,1.0,1.0,7.0,5.0,21.5
688,목조,2.0,0.0,4.0,8.0,26.8
689,목조,2.0,1.0,8.0,2.0,22.2
690,벽돌,1.0,1.0,10.0,5.0,21.1
691,철근콘크리트,2.0,0.0,6.0,8.0,29.2
692,벽돌,2.0,0.0,2.0,6.0,26.5
693,벽돌,1.0,3.0,9.0,5.0,26.1
694,목조,1.0,1.0,0.0,5.0,21.7
695,목조,2.0,2.0,11.0,6.0,29.3
696,목조,1.0,3.0,5.0,4.0,26.4
697,벽돌,1.0,0.0,12.0,1.0,25.0
698,철근콘크리트,2.0,1.0,12.0,10.0,26.8
699,목조,2.0,2.0,8.0,1.0,38.6
700,철근콘크리트,2.0,2.0,3.0,6.0,31.8
701,철근콘크리트,2.0,0.0,10.0,8.0,21.7
702,,3.0,2.0,9.0,1.0,28.0
703,철근콘크리트,1.0,0.0,1.0,4.0,13.3
704,목조,2.0,3.0,11.0,7.0,27.7
705,벽돌,2.0,2.0,0.0,6.0,36.4
706,철근콘크리트,1.0,3.0,0.0,4.0,25.6
707,벽돌,2.0,0.0,5.0,6.0,26.1
708,목조,2.0,2.0,3.0,9.0,35.0
709,철근콘크리트,2.0,3.0,8.0,3.0,37.3
710,벽돌,1.0,3.0,0.0,8.0,31.5
711,벽돌,3.0,0.0,7.0,8.0,29.6
712,목조,1.0,3.0,2.0,1.0,27.3
713,철근콘크리트,2.0,,10.0,8.0,37.9
714,목조,2.0,1.0,6.0,2.0,24.3
715,벽돌,3.0,2.0,9.0,2.0,36.0
716,목조,,0.0,7.0,1.0,19.7
717,목조,2.0,3.0,7.0,3.0,32.9
718,철근콘크리트,2.0,1.0,0.0,5.0,24.6
719,철근콘크리트,2.0,0.0,2.0,3.0,24.5
720,철근콘크리트,2.0,0.0,1.0,8.0,22.1
721,철근콘크리트,2.0,1.0,10.0,5.0,20.1
722,철근콘크리트,1.0,3.0,5.0,6.0,27.6
723,목조,2.0,0.0,10.0,9.0,19.3
724,목조,3.0,3.0,7.0,6.0,43.7
725,목조,2.0,1.0,11.0,7.0,22.9
726,벽돌,2.0,2.0,12.0,9.0,28.2
727,철근콘크리트,1.0,1.0,10.0,4.0,18.1
728,철근콘크리트,1.0,3.0,6.0,5.0,29.5
729,목조,1.0,1.0,14.0,1.0,17.8
730,철근콘크리트,2.0,3.0,9.0,10.0,35.4
731,목조,3.0,2.0,10.0,1.0,36.1
732,철근콘크리트,1.0,0.0,14.0,5.0,15.2
733,철근콘크리트,2.0,2.0,9.0,5.0,26.0
734,목조,2.0,0.0,7.0,7.0,29.3
735,목조,,1.0,14.0,2.0,24.4
736,목조,2.0,3.0,5.0,5.0,29.9
737,벽돌,2.0,2.0,9.0,8.0,29.9
738,목조,1.0,3.0,9.0,10.0,36.0
739,벽돌,1.0,3.0,1.0,4.0,23.1
740,벽돌,2.0,2.0,5.0,5.0,32.0
741,목조,2.0,2.0,9.0,4.0,30.9
742,목조,1.0,2.0,7.0,9.0,29.4
743,목조,1.0,0.0,6.0,7.0,16.5
744,목조,1.0,0.0,10.0,5.0,27.2
745,철근콘크리트,2.0,0.0,2.0,1.0,15.8
746,,2.0,3.0,10.0,7.0,36.2
747,벽돌,1.0,2.0,1.0,9.0,23.5
748,벽돌,2.0,3.0,14.0,3.0,25.1
749,철근콘크리트,,0.0,2.0,1.0,26.6
750,철근콘크리트,1.0,1.0,6.0,7.0,14.6
751,벽돌,1.0,0.0,4.0,10.0,18.8
752,철근콘크리트,2.0,1.0,4.0,1.0,31.9
753,목조,2.0,0.0,9.0,4.0,14.5
754,벽돌,1.0,1.0,1.0,5.0,26.1
755,벽돌,1.0,2.0,13.0,2.0,24.4
756,벽돌,2.0,0.0,6.0,5.0,28.8
757,철근콘크리트,1.0,2.0,6.0,5.0,18.5
758,철근콘크리트,2.0,2.0,9.0,8.0,20.9
759,벽돌,2.0,2.0,12.0,9.0,21.5
760,목조,2.0,0.0,8.0,1.0,31.5
761,벽돌,2.0,2.0,1.0,10.0,29.8
762,목조,2.0,0.0,12.0,8.0,14.5
763,목조,2.0,3.0,10.0,2.0,33.4
764,벽돌,1.0,3.0,0.0,5.0,25.4
765,철근콘크리트,2.0,1.0,8.0,1.0,32.0
766,철근콘크리트,2.0,3.0,9.0,3.0,36.6
767,목조,2.0,2.0,7.0,4.0,28.1
768,철근콘크리트,1.0,0.0,5.0,5.0,16.6
769,목조,2.0,3.0,0.0,2.0,35.4
770,목조,2.0,1.0,14.0,7.0,29.9
771,,2.0,2.0,1.0,6.0,37.3
772,철근콘크리트,1.0,3.0,7.0,1.0,23.5
773,철근콘크리트,2.0,2.0,6.0,6.0,29.1
774,목조,2.0,0.0,11.0,1.0,14.6
775,철근콘크리트,1.0,0.0,8.0,7.0,16.5
776,철근콘크리트,2.0,0.0,9.0,4.0,27.1
777,벽돌,3.0,0.0,10.0,1.0,28.3
778,목조,2.0,0.0,13.0,8.0,30.9
779,벽돌,1.0,0.0,1.0,1.0,23.1
780,철근콘크리트,1.0,1.0,5.0,6.0,17.1
781,철근콘크리트,1.0,1.0,6.0,9.0,30.3
782,목조,2.0,3.0,13.0,1.0,30.6
783,벽돌,1.0,1.0,5.0,6.0,22.5
784,목조,2.0,2.0,6.0,8.0,37.1
785,목조,2.0,1.0,13.0,9.0,29.3
786,철근콘크리트,3.0,3.0,6.0,1.0,28.7
787,벽돌,3.0,1.0,9.0,10.0,34.6
788,목조,1.0,0.0,14.0,8.0,20.9
789,목조,,2.0,13.0,8.0,23.6
790,목조,,2.0,14.0,6.0,33.6
791,목조,1.0,3.0,12.0,5.0,18.3
792,목조,1.0,1.0,7.0,7.0,24.0
793,철근콘크리트,1.0,0.0,11.0,10.0,32.3
794,벽돌,2.0,1.0,5.0,7.0,30.6
795,철근콘크리트,,3.0,14.0,9.0,24.5
796,벽돌,2.0,0.0,7.0,5.0,23.4
797,목조,1.0,3.0,3.0,10.0,20.8
798,목조,2.0,2.0,2.0,4.0,32.1
799,철근콘크리트,2.0,1.0,4.0,5.0,35.1
800,목조,2.0,1.0,7.0,4.0,20.6
801,철근콘크리트,2.0,3.0,0.0,3.0,26.0
802,철근콘크리트,2.0,2.0,7.0,8.0,38.3
803,벽돌,1.0,3.0,8.0,10.0,21.0
804,철근콘크리트,2.0,3.0,10.0,4.0,36.8
805,철근콘크리트,2.0,3.0,12.0,9.0,33.1
806,목조,1.0,3.0,12.0,7.0,26.8
807,벽돌,2.0,2.0,8.0,3.0,33.5
808,벽돌,1.0,2.0,5.0,10.0,29.1
809,벽돌,2.0,0.0,1.0,10.0,21.0
810,목조,2.0,1.0,0.0,6.0,26.3
811,벽돌,2.0,2.0,1.0,3.0,23.4
812,철근콘크리트,1.0,3.0,1.0,9.0,33.4
813,목조,2.0,1.0,13.0,6.0,30.5
814,철근콘크리트,3.0,1.0,7.0,8.0,34.3
815,목조,2.0,2.0,6.0,3.0,36.8
816,벽돌,1.0,1.0,5.0,5.0,21.0
817,철근콘크리트,2.0,0.0,4.0,4.0,22.5
818,목조,3.0,,11.0,1.0,39.9
819,,3.0,1.0,5.0,8.0,32.8
820,철근콘크리트,1.0,2.0,9.0,5.0,30.3
821,벽돌,2.0,3.0,10.0,5.0,42.2
822,철근콘크리트,2.0,0.0,4.0,2.0,26.7
823,목조,2.0,2.0,7.0,8.0,26.8
824,목조,2.0,0.0,7.0,4.0,14.5
825,벽돌,2.0,0.0,3.0,1.0,20.9
826,목조,1.0,1.0,3.0,1.0,23.6
827,목조,1.0,3.0,11.0,5.0,20.0
828,,1.0,1.0,4.0,8.0,19.6
829,벽돌,3.0,0.0,5.0,9.0,21.8
830,목조,2.0,2.0,7.0,5.0,43.4
831,목조,2.0,3.0,9.0,5.0,40.6
832,목조,1.0,0.0,11.0,5.0,13.0
833,목조,2.0,2.0,7.0,8.0,40.0
834,벽돌,2.0,0.0,1.0,10.0,28.3
835,벽돌,2.0,1.0,10.0,5.0,23.7
836,벽돌,3.0,1.0,14.0,5.0,26.4
837,목조,1.0,0.0,0.0,8.0,16.6
838,목조,1.0,1.0,10.0,4.0,18.8
839,벽돌,2.0,3.0,0.0,5.0,30.8
840,벽돌,2.0,2.0,13.0,2.0,27.2
841,벽돌,2.0,0.0,8.0,1.0,22.6
842,벽돌,1.0,0.0,5.0,10.0,28.5
843,벽돌,2.0,1.0,0.0,3.0,35.6
844,철근콘크리트,1.0,3.0,6.0,10.0,26.2
845,목조,1.0,2.0,5.0,4.0,24.1
846,철근콘크리트,2.0,2.0,8.0,2.0,19.8
847,철근콘크리트,2.0,2.0,9.0,4.0,27.4
848,철근콘크리트,3.0,1.0,14.0,8.0,41.1
849,벽돌,2.0,3.0,13.0,4.0,19.7
850,벽돌,2.0,3.0,3.0,4.0,32.8
851,철근콘크리트,2.0,1.0,7.0,6.0,33.2
852,벽돌,2.0,2.0,12.0,1.0,31.3
853,목조,2.0,0.0,13.0,10.0,28.8
854,철근콘크리트,2.0,3.0,7.0,3.0,26.6
855,목조,2.0,2.0,13.0,2.0,21.8
856,벽돌,1.0,3.0,10.0,10.0,31.1
857,벽돌,3.0,3.0,10.0,7.0,38.5
858,벽돌,1.0,1.0,11.0,7.0,27.5
859,철근콘크리트,1.0,0.0,7.0,9.0,21.8
860,철근콘크리트,3.0,3.0,11.0,2.0,35.7
861,목조,2.0,0.0,3.0,5.0,21.5
862,목조,2.0,1.0,10.0,1.0,21.7
863,,2.0,2.0,3.0,1.0,35.5
864,철근콘크리트,3.0,2.0,0.0,9.0,36.7
865,목조,2.0,2.0,1.0,2.0,18.8
866,목조,2.0,0.0,4.0,9.0,32.2
867,벽돌,1.0,1.0,11.0,1.0,29.9
868,목조,3.0,3.0,12.0,10.0,39.3
869,철근콘크리트,1.0,3.0,5.0,4.0,15.9
870,벽돌,2.0,0.0,2.0,8.0,29.6
871,벽돌,1.0,0.0,1.0,1.0,6.8
872,목조,1.0,3.0,5.0,1.0,18.7
873,목조,2.0,1.0,3.0,7.0,35.7
874,철근콘크리트,2.0,0.0,12.0,8.0,38.0
875,목조,2.0,3.0,2.0,2.0,36.2
876,철근콘크리트,2.0,1.0,14.0,5.0,26.5
877,목조,1.0,0.0,3.0,6.0,22.6
878,벽돌,2.0,0.0,13.0,1.0,29.1
879,철근콘크리트,1.0,1.0,7.0,3.0,15.9
880,벽돌,2.0,0.0,8.0,7.0,27.0
881,벽돌,2.0,3.0,4.0,1.0,25.9
882,철근콘크리트,2.0,0.0,3.0,1.0,14.1
883,벽돌,3.0,0.0,11.0,4.0,34.0
884,철근콘크리트,1.0,1.0,7.0,9.0,25.5
885,목조,1.0,3.0,8.0,8.0,32.3
886,목조,1.0,3.0,8.0,7.0,25.0
887,목조,2.0,1.0,3.0,2.0,31.2
888,목조,2.0,3.0,10.0,2.0,36.2
889,목조,2.0,0.0,9.0,1.0,16.8
890,목조,2.0,1.0,5.0,1.0,22.2
891,철근콘크리트,1.0,2.0,9.0,1.0,23.0
892,목조,2.0,3.0,7.0,6.0,36.6
893,벽돌,1.0,2.0,7.0,3.0,28.2
894,벽돌,2.0,2.0,1.0,8.0,35.3
895,벽돌,1.0,1.0,4.0,7.0,10.7
896,벽돌,3.0,3.0,14.0,6.0,45.0
897,목조,2.0,3.0,13.0,8.0,36.0
898,철근콘크리트,2.0,1.0,5.0,10.0,28.6
899,철근콘크리트,1.0,0.0,9.0,8.0,23.6
900,목조,1.0,0.0,8.0,1.0,20.0
901,벽돌,,2.0,7.0,8.0,38.0
902,목조,1.0,,6.0,1.0,17.1
903,철근콘크리트,3.0,0.0,8.0,2.0,26.6
904,벽돌,1.0,1.0,8.0,5.0,12.5
905,,2.0,2.0,0.0,9.0,29.4
906,벽돌,1.0,2.0,4.0,2.0,33.2
907,철근콘크리트,2.0,0.0,11.0,6.0,31.1
908,철근콘크리트,2.0,0.0,13.0,9.0,23.8
909,목조,2.0,3.0,2.0,8.0,38.8
910,철근콘크리트,2.0,1.0,4.0,5.0,19.0
911,목조,2.0,1.0,3.0,7.0,27.8
912,철근콘크리트,2.0,0.0,12.0,2.0,27.0
913,목조,1.0,1.0,8.0,6.0,17.3
914,벽돌,3.0,2.0,6.0,7.0,29.1
915,철근콘크리트,2.0,1.0,0.0,2.0,26.4
916,목조,1.0,3.0,4.0,5.0,27.2
917,목조,1.0,1.0,14.0,8.0,21.9
918,목조,2.0,1.0,0.0,10.0,19.4
919,벽돌,2.0,0.0,0.0,8.0,27.9
920,목조,2.0,0.0,10.0,9.0,37.1
921,목조,2.0,2.0,4.0,5.0,38.3
922,목조,1.0,,11.0,8.0,24.8
923,철근콘크리트,2.0,0.0,12.0,6.0,30.4
924,철근콘크리트,3.0,0.0,10.0,6.0,37.4
925,철근콘크리트,2.0,2.0,5.0,3.0,24.3
926,목조,2.0,3.0,10.0,7.0,31.6
927,벽돌,2.0,0.0,2.0,3.0,20.9
928,벽돌,2.0,0.0,0.0,4.0,29.4
929,벽돌,1.0,3.0,7.0,1.0,28.1
930,철근콘크리트,2.0,1.0,8.0,8.0,25.1
931,철근콘크리트,2.0,2.0,3.0,5.0,25.9
932,철근콘크리트,2.0,3.0,0.0,6.0,24.3
933,벽돌,2.0,3.0,14.0,2.0,31.2
934,벽돌,2.0,2.0,6.0,6.0,35.4
935,목조,1.0,1.0,0.0,8.0,30.8
936,벽돌,1.0,1.0,1.0,3.0,24.5
937,벽돌,2.0,2.0,12.0,10.0,38.1
938,벽돌,1.0,0.0,13.0,2.0,11.0
939,목조,2.0,2.0,7.0,8.0,32.5
940,벽돌,2.0,3.0,14.0,5.0,34.3
941,철근콘크리트,2.0,2.0,7.0,8.0,26.1
942,벽돌,1.0,3.0,9.0,3.0,22.3
943,철근콘크리트,2.0,3.0,9.0,4.0,24.8
944,철근콘크리트,2.0,2.0,2.0,4.0,17.8
945,철근콘크리트,2.0,3.0,7.0,8.0,42.7
946,철근콘크리트,1.0,1.0,5.0,2.0,12.3
947,철근콘크리트,3.0,,10.0,10.0,36.5
948,철근콘크리트,2.0,1.0,12.0,7.0,25.8
949,벽돌,2.0,0.0,10.0,1.0,25.7
950,철근콘크리트,2.0,3.0,11.0,8.0,36.0
951,철근콘크리트,2.0,1.0,6.0,10.0,34.1
952,벽돌,1.0,2.0,5.0,8.0,21.0
953,목조,2.0,2.0,9.0,4.0,28.0
954,목조,2.0,3.0,9.0,6.0,28.9
955,철근콘크리트,1.0,2.0,12.0,1.0,13.8
956,철근콘크리트,2.0,3.0,5.0,7.0,38.6
957,철근콘크리트,1.0,0.0,8.0,2.0,20.6
958,목조,1.0,0.0,0.0,8.0,18.4
959,벽돌,2.0,1.0,3.0,8.0,30.5
960,철근콘크리트,3.0,,2.0,10.0,31.7
961,벽돌,2.0,1.0,3.0,1.0,19.4
962,목조,1.0,2.0,5.0,7.0,34.3
963,철근콘크리트,2.0,0.0,12.0,5.0,18.8
964,목조,2.0,0.0,5.0,2.0,29.6
965,목조,2.0,0.0,10.0,4.0,13.1
966,벽돌,2.0,3.0,9.0,5.0,23.8
967,벽돌,2.0,0.0,0.0,9.0,24.5
968,,,1.0,3.0,1.0,29.3
969,철근콘크리트,2.0,1.0,3.0,9.0,28.4
970,목조,2.0,1.0,4.0,4.0,21.7
971,철근콘크리트,1.0,1.0,0.0,1.0,18.1
972,벽돌,,0.0,2.0,5.0,20.3
973,철근콘크리트,1.0,3.0,10.0,2.0,19.1
974,벽돌,2.0,1.0,6.0,5.0,26.2
975,철근콘크리트,2.0,0.0,7.0,8.0,14.5
976,벽돌,1.0,2.0,0.0,1.0,23.1
977,철근콘크리트,1.0,3.0,10.0,2.0,15.0
978,벽돌,2.0,2.0,5.0,9.0,40.2
979,철근콘크리트,3.0,3.0,13.0,10.0,44.0
980,,2.0,3.0,7.0,2.0,32.0
981,철근콘크리트,2.0,2.0,4.0,1.0,13.8
982,철근콘크리트,2.0,0.0,8.0,9.0,27.2
983,벽돌,3.0,0.0,1.0,2.0,26.4
984,목조,1.0,0.0,1.0,9.0,20.2
985,벽돌,2.0,1.0,14.0,9.0,29.1
986,철근콘크리트,1.0,1.0,12.0,9.0,14.0
987,벽돌,2.0,2.0,3.0,5.0,35.7
988,벽돌,1.0,1.0,13.0,8.0,32.8
989,철근콘크리트,1.0,0.0,5.0,8.0,19.2
990,철근콘크리트,2.0,3.0,9.0,9.0,32.4
991,목조,2.0,0.0,6.0,3.0,26.7
992,벽돌,2.0,1.0,5.0,4.0,35.2
993,벽돌,1.0,0.0,0.0,7.0,20.0
994,목조,1.0,0.0,4.0,8.0,24.7
995,철근콘크리트,2.0,2.0,2.0,5.0,18.4
996,목조,1.0,2.0,0.0,4.0,22.3
997,목조,1.0,3.0,11.0,2.0,22.0
998,목조,1.0,3.0,4.0,3.0,34.8
999,벽돌,2.0,2.0,12.0,7.0,35.0
1000,목조,2.0,1.0,7.0,9.0,30.2
1001,목조,1.0,2.0,5.0,10.0,27.0
1002,벽돌,2.0,1.0,10.0,2.0,27.3
1003,벽돌,2.0,2.0,13.0,5.0,20.1
1004,목조,2.0,2.0,9.0,4.0,27.1
1005,벽돌,2.0,1.0,11.0,7.0,24.6
1006,철근콘크리트,1.0,3.0,13.0,6.0,29.4
1007,철근콘크리트,3.0,2.0,7.0,1.0,38.3
1008,철근콘크리트,1.0,3.0,2.0,4.0,26.6
1009,벽돌,2.0,1.0,2.0,5.0,16.2
1010,철근콘크리트,2.0,0.0,10.0,8.0,26.5
1011,벽돌,2.0,3.0,2.0,5.0,29.2
1012,철근콘크리트,3.0,0.0,8.0,6.0,34.7
1013,철근콘크리트,2.0,0.0,8.0,2.0,21.4
1014,목조,2.0,2.0,12.0,6.0,34.4
1015,목조,2.0,1.0,12.0,4.0,23.8
1016,목조,2.0,2.0,14.0,7.0,44.1
1017,벽돌,2.0,0.0,11.0,2.0,15.0
1018,목조,1.0,3.0,14.0,9.0,23.0
1019,철근콘크리트,2.0,2.0,2.0,5.0,21.6
1020,벽돌,1.0,2.0,3.0,5.0,17.3
1021,벽돌,1.0,1.0,1.0,3.0,23.4
1022,벽돌,2.0,0.0,5.0,8.0,27.3
1023,벽돌,1.0,0.0,7.0,2.0,19.5
1024,철근콘크리트,1.0,2.0,13.0,5.0,29.3
1025,벽돌,2.0,,9.0,7.0,16.1
1026,벽돌,2.0,3.0,8.0,1.0,22.8
1027,철근콘크리트,2.0,1.0,10.0,4.0,34.0
1028,철근콘크리트,1.0,0.0,2.0,6.0,29.0
1029,벽돌,2.0,1.0,5.0,7.0,27.8
1030,목조,2.0,0.0,3.0,10.0,31.8
1031,철근콘크리트,2.0,2.0,13.0,10.0,39.1
1032,철근콘크리트,1.0,2.0,12.0,7.0,18.2
1033,벽돌,1.0,,3.0,3.0,29.0
1034,벽돌,2.0,2.0,1.0,2.0,31.8
1035,목조,1.0,3.0,2.0,6.0,24.3
1036,철근콘크리트,,3.0,7.0,10.0,32.4
1037,철근콘크리트,2.0,1.0,3.0,1.0,29.1
1038,목조,1.0,0.0,3.0,3.0,11.4
1039,목조,1.0,3.0,11.0,3.0,14.1
1040,,2.0,2.0,3.0,5.0,23.3
1041,목조,2.0,2.0,12.0,4.0,17.9
1042,목조,1.0,3.0,11.0,7.0,21.7
1043,목조,2.0,3.0,4.0,4.0,21.3
1044,벽돌,2.0,2.0,10.0,6.0,20.8
1045,목조,1.0,1.0,9.0,3.0,13.9
1046,목조,2.0,1.0,13.0,4.0,36.5
1047,,2.0,2.0,0.0,8.0,33.1
1048,벽돌,2.0,2.0,0.0,1.0,30.7
1049,철근콘크리트,1.0,3.0,2.0,5.0,27.4
1050,철근콘크리트,2.0,0.0,0.0,7.0,22.9
1051,철근콘크리트,2.0,2.0,1.0,1.0,19.8
1052,철근콘크리트,2.0,2.0,3.0,5.0,28.6
1053,목조,2.0,2.0,1.0,7.0,30.9
1054,목조,3.0,2.0,0.0,6.0,29.7
1055,목조,1.0,0.0,4.0,9.0,26.3
1056,목조,1.0,3.0,6.0,9.0,28.7
1057,목조,2.0,2.0,9.0,2.0,20.6
1058,벽돌,1.0,0.0,13.0,1.0,29.3
1059,벽돌,2.0,3.0,1.0,7.0,28.4
1060,벽돌,1.0,0.0,10.0,2.0,9.3
1061,목조,3.0,1.0,8.0,3.0,34.5
1062,철근콘크리트,1.0,3.0,14.0,5.0,26.5
1063,,1.0,2.0,11.0,9.0,24.0
1064,목조,3.0,3.0,11.0,3.0,25.7
1065,목조,3.0,0.0,12.0,2.0,26.3
1066,벽돌,,2.0,8.0,9.0,30.2
1067,철근콘크리트,1.0,2.0,9.0,3.0,21.3
1068,목조,2.0,2.0,11.0,7.0,34.8
1069,철근콘크리트,2.0,0.0,5.0,2.0,26.1
1070,벽돌,2.0,3.0,2.0,5.0,36.0
1071,목조,2.0,,7.0,2.0,29.5
1072,철근콘크리트,2.0,0.0,6.0,4.0,28.0
1073,철근콘크리트,,2.0,7.0,8.0,40.4
1074,벽돌,2.0,2.0,4.0,4.0,30.8
1075,철근콘크리트,1.0,1.0,6.0,6.0,13.2
1076,목조,1.0,1.0,9.0,3.0,22.2
1077,벽돌,1.0,0.0,7.0,8.0,25.5
1078,목조,2.0,3.0,0.0,6.0,42.4
1079,목조,1.0,3.0,10.0,6.0,29.4
1080,철근콘크리트,2.0,2.0,0.0,2.0,22.9
1081,목조,2.0,2.0,5.0,4.0,16.0
1082,목조,1.0,1.0,1.0,2.0,14.2
1083,목조,2.0,3.0,14.0,4.0,24.5
1084,벽돌,2.0,3.0,6.0,1.0,37.6
1085,목조,2.0,2.0,12.0,2.0,20.1
1086,목조,3.0,0.0,7.0,3.0,25.0
1087,목조,2.0,3.0,0.0,8.0,32.8
1088,철근콘크리트,2.0,1.0,4.0,5.0,23.1
1089,철근콘크리트,2.0,2.0,8.0,5.0,26.6
1090,벽돌,2.0,1.0,10.0,1.0,21.2
1091,철근콘크리트,1.0,2.0,9.0,9.0,31.0
1092,철근콘크리트,2.0,1.0,14.0,2.0,30.2
1093,목조,,2.0,5.0,4.0,13.4
1094,철근콘크리트,2.0,3.0,14.0,6.0,33.6
1095,,1.0,3.0,6.0,10.0,34.5
1096,목조,1.0,1.0,3.0,7.0,28.1
1097,벽돌,1.0,0.0,13.0,5.0,15.8
1098,벽돌,1.0,0.0,0.0,2.0,15.8
1099,목조,3.0,0.0,4.0,2.0,33.5
1100,벽돌,2.0,1.0,8.0,8.0,34.4
1101,목조,2.0,0.0,4.0,8.0,31.8
1102,목조,1.0,2.0,9.0,2.0,27.2
1103,철근콘크리트,2.0,2.0,8.0,7.0,39.3
1104,벽돌,1.0,2.0,7.0,6.0,30.1
1105,목조,1.0,3.0,5.0,8.0,26.3
1106,철근콘크리트,2.0,0.0,12.0,9.0,38.9
1107,벽돌,2.0,3.0,8.0,7.0,24.2
1108,철근콘크리트,2.0,1.0,12.0,5.0,36.8
1109,철근콘크리트,1.0,0.0,9.0,6.0,27.6
1110,벽돌,1.0,2.0,5.0,5.0,21.8
1111,목조,2.0,3.0,4.0,1.0,30.3
1112,목조,2.0,0.0,11.0,10.0,27.5
1113,철근콘크리트,,3.0,11.0,1.0,22.7
1114,벽돌,1.0,1.0,5.0,7.0,30.5
1115,벽돌,2.0,3.0,8.0,7.0,26.5
1116,벽돌,1.0,0.0,13.0,5.0,15.2
1117,철근콘크리트,2.0,,5.0,8.0,22.4
1118,목조,2.0,3.0,3.0,8.0,40.3
1119,철근콘크리트,2.0,3.0,4.0,3.0,28.2
1120,벽돌,2.0,0.0,2.0,9.0,22.4
1121,철근콘크리트,1.0,3.0,6.0,2.0,21.0
1122,철근콘크리트,2.0,2.0,12.0,6.0,38.1
1123,목조,2.0,0.0,2.0,9.0,33.0
1124,목조,2.0,1.0,6.0,6.0,33.1
1125,,1.0,,1.0,1.0,23.5
1126,목조,2.0,3.0,7.0,1.0,33.8
1127,철근콘크리트,2.0,3.0,4.0,6.0,31.2
1128,철근콘크리트,2.0,1.0,8.0,6.0,34.3
1129,목조,2.0,3.0,1.0,2.0,34.4
1130,벽돌,2.0,0.0,4.0,3.0,23.4
1131,벽돌,1.0,0.0,4.0,6.0,27.5
1132,목조,1.0,0.0,5.0,4.0,19.1
1133,철근콘크리트,3.0,1.0,5.0,2.0,29.0
1134,목조,1.0,0.0,5.0,1.0,14.6
1135,목조,2.0,0.0,7.0,4.0,25.3
1136,벽돌,3.0,3.0,9.0,5.0,39.2
1137,목조,3.0,1.0,6.0,10.0,34.7
1138,벽돌,3.0,0.0,8.0,5.0,26.0
1139,벽돌,3.0,3.0,2.0,8.0,40.7
1140,목조,2.0,0.0,8.0,5.0,24.8
1141,벽돌,1.0,3.0,3.0,8.0,21.7
1142,목조,2.0,3.0,4.0,7.0,35.6
1143,목조,1.0,3.0,0.0,5.0,20.9
1144,철근콘크리트,2.0,2.0,9.0,3.0,35.7
1145,철근콘크리트,2.0,1.0,6.0,10.0,24.8
1146,벽돌,1.0,3.0,3.0,2.0,32.6
1147,목조,2.0,0.0,6.0,10.0,22.9
1148,목조,2.0,3.0,12.0,10.0,37.5
1149,목조,1.0,1.0,6.0,10.0,28.6
1150,철근콘크리트,1.0,3.0,8.0,7.0,25.6
1151,목조,1.0,0.0,1.0,10.0,17.7
1152,벽돌,2.0,1.0,7.0,6.0,32.8
1153,벽돌,2.0,1.0,0.0,6.0,27.4
1154,벽돌,2.0,2.0,7.0,2.0,21.1
1155,,2.0,0.0,2.0,9.0,28.2
1156,벽돌,1.0,1.0,6.0,9.0,17.7
1157,철근콘크리트,2.0,0.0,11.0,10.0,21.7
1158,벽돌,2.0,1.0,7.0,4.0,32.1
1159,벽돌,1.0,2.0,5.0,5.0,15.5
1160,목조,1.0,2.0,14.0,9.0,30.0
1161,벽돌,2.0,2.0,3.0,7.0,34.0
1162,목조,2.0,3.0,9.0,3.0,32.2
1163,목조,2.0,2.0,9.0,3.0,37.0
1164,철근콘크리트,,0.0,1.0,6.0,19.8
1165,벽돌,1.0,0.0,5.0,10.0,23.1
1166,목조,1.0,0.0,7.0,1.0,15.0
1167,철근콘크리트,1.0,0.0,11.0,4.0,22.4
1168,벽돌,2.0,1.0,11.0,4.0,22.6
1169,목조,2.0,1.0,3.0,10.0,28.3
1170,벽돌,1.0,2.0,3.0,10.0,17.7
1171,목조,2.0,3.0,14.0,9.0,34.0
1172,벽돌,2.0,1.0,13.0,6.0,25.5
1173,벽돌,1.0,3.0,5.0,2.0,20.1
1174,철근콘크리트,2.0,1.0,0.0,8.0,42.3
1175,벽돌,2.0,,6.0,8.0,28.2
1176,철근콘크리트,1.0,0.0,5.0,1.0,16.8
1177,철근콘크리트,2.0,3.0,5.0,5.0,17.7
1178,철근콘크리트,1.0,3.0,6.0,6.0,26.2
1179,철근콘크리트,1.0,0.0,13.0,2.0,10.7
1180,벽돌,1.0,3.0,14.0,5.0,34.0
1181,철근콘크리트,2.0,3.0,4.0,8.0,27.7
1182,벽돌,3.0,2.0,7.0,2.0,37.2
1183,벽돌,3.0,2.0,6.0,3.0,36.6
1184,목조,3.0,3.0,4.0,1.0,26.7
1185,목조,3.0,2.0,5.0,4.0,37.7
1186,철근콘크리트,1.0,1.0,2.0,10.0,21.1
1187,벽돌,2.0,1.0,12.0,3.0,25.2
1188,목조,2.0,,7.0,1.0,28.7
1189,,3.0,0.0,7.0,6.0,29.7
1190,철근콘크리트,1.0,3.0,0.0,4.0,20.6
1191,목조,2.0,2.0,7.0,5.0,30.8
1192,목조,2.0,0.0,9.0,5.0,24.0
1193,벽돌,2.0,0.0,9.0,5.0,20.9
1194,벽돌,1.0,1.0,8.0,8.0,20.2
1195,목조,2.0,0.0,4.0,3.0,23.6
1196,철근콘크리트,1.0,,11.0,10.0,23.1
1197,벽돌,2.0,2.0,4.0,2.0,21.9
1198,철근콘크리트,2.0,3.0,14.0,5.0,31.0
1199,목조,1.0,2.0,3.0,8.0,27.8
1200,목조,2.0,2.0,6.0,8.0,26.4
1201,벽돌,2.0,,5.0,3.0,26.9
1202,목조,2.0,3.0,7.0,5.0,25.3
1203,벽돌,1.0,0.0,14.0,5.0,23.1
1204,벽돌,1.0,2.0,0.0,6.0,26.3
1205,목조,2.0,1.0,5.0,7.0,23.5
1206,철근콘크리트,3.0,0.0,11.0,2.0,35.9
1207,벽돌,2.0,1.0,14.0,1.0,35.9
1208,철근콘크리트,1.0,0.0,7.0,5.0,19.2
1209,목조,2.0,3.0,8.0,2.0,22.7
1210,벽돌,1.0,1.0,10.0,8.0,15.4
1211,목조,1.0,3.0,11.0,2.0,23.3
1212,목조,1.0,2.0,0.0,8.0,30.0
1213,목조,2.0,0.0,11.0,2.0,21.4
1214,철근콘크리트,1.0,1.0,13.0,5.0,25.1
1215,철근콘크리트,1.0,1.0,12.0,8.0,26.1
1216,철근콘크리트,2.0,2.0,0.0,10.0,32.3
1217,철근콘크리트,2.0,1.0,8.0,10.0,31.1
1218,벽돌,3.0,1.0,13.0,4.0,22.8
1219,벽돌,2.0,2.0,11.0,8.0,37.8
1220,철근콘크리트,2.0,2.0,13.0,3.0,39.3
1221,목조,2.0,1.0,2.0,8.0,31.3
1222,목조,1.0,1.0,6.0,1.0,23.0
1223,목조,1.0,0.0,9.0,9.0,15.2
1224,목조,2.0,0.0,5.0,10.0,21.2
1225,벽돌,2.0,1.0,4.0,7.0,29.1
1226,벽돌,2.0,3.0,14.0,1.0,31.5
1227,철근콘크리트,1.0,1.0,12.0,1.0,24.2
1228,벽돌,2.0,0.0,2.0,6.0,28.8
1229,벽돌,1.0,0.0,1.0,9.0,30.0
1230,벽돌,2.0,1.0,12.0,6.0,26.7
1231,목조,2.0,1.0,6.0,5.0,36.8
1232,벽돌,1.0,,12.0,10.0,27.3
1233,철근콘크리트,2.0,1.0,12.0,10.0,30.5
1234,철근콘크리트,3.0,0.0,12.0,3.0,33.6
1235,목조,2.0,1.0,4.0,8.0,27.8
1236,목조,1.0,0.0,10.0,6.0,26.5
1237,벽돌,2.0,1.0,10.0,6.0,27.4
1238,벽돌,1.0,2.0,10.0,3.0,23.8
1239,철근콘크리트,2.0,3.0,12.0,9.0,38.1
1240,목조,2.0,3.0,8.0,5.0,26.3
1241,철근콘크리트,2.0,3.0,9.0,2.0,32.5
1242,철근콘크리트,1.0,0.0,6.0,4.0,22.1
1243,벽돌,1.0,0.0,8.0,10.0,21.9
1244,철근콘크리트,2.0,3.0,0.0,1.0,25.1
1245,벽돌,3.0,3.0,6.0,5.0,38.5
1246,철근콘크리트,2.0,2.0,14.0,3.0,25.0
1247,목조,3.0,1.0,3.0,10.0,35.6
1248,철근콘크리트,1.0,2.0,2.0,8.0,16.5
1249,벽돌,1.0,3.0,5.0,5.0,24.4
1250,목조,2.0,3.0,3.0,10.0,41.4
1251,목조,1.0,1.0,1.0,1.0,20.4
1252,목조,2.0,0.0,12.0,2.0,27.4
1253,벽돌,2.0,3.0,0.0,8.0,32.7
1254,벽돌,2.0,0.0,2.0,7.0,27.5
1255,목조,1.0,1.0,4.0,1.0,13.5
1256,벽돌,2.0,1.0,10.0,4.0,34.0
1257,철근콘크리트,2.0,0.0,7.0,6.0,22.3
1258,,1.0,2.0,3.0,8.0,29.5
1259,목조,2.0,2.0,5.0,10.0,42.3
1260,목조,1.0,3.0,4.0,7.0,32.5
1261,벽돌,1.0,3.0,0.0,10.0,23.4
1262,벽돌,2.0,0.0,7.0,2.0,32.5
1263,목조,1.0,2.0,7.0,5.0,21.6
1264,목조,2.0,2.0,5.0,4.0,27.4
1265,목조,2.0,3.0,11.0,2.0,28.4
1266,목조,3.0,0.0,14.0,9.0,36.9
1267,벽돌,,1.0,3.0,3.0,21.0
1268,철근콘크리트,2.0,1.0,8.0,5.0,29.4
1269,철근콘크리트,2.0,3.0,10.0,8.0,37.6
1270,철근콘크리트,2.0,0.0,11.0,7.0,25.4
1271,철근콘크리트,1.0,2.0,0.0,8.0,21.4
1272,목조,1.0,2.0,4.0,3.0,29.5
1273,목조,2.0,1.0,13.0,8.0,27.0
1274,목조,2.0,2.0,0.0,4.0,28.0
1275,철근콘크리트,2.0,0.0,3.0,2.0,20.8
1276,철근콘크리트,2.0,0.0,6.0,2.0,26.8
1277,철근콘크리트,1.0,1.0,14.0,5.0,29.3
1278,목조,1.0,2.0,9.0,2.0,20.7
1279,철근콘크리트,1.0,2.0,12.0,8.0,18.1
1280,벽돌,2.0,0.0,7.0,9.0,26.1
1281,철근콘크리트,2.0,1.0,2.0,10.0,42.8
1282,철근콘크리트,2.0,2.0,13.0,5.0,28.6
1283,목조,3.0,3.0,6.0,1.0,33.7
1284,벽돌,3.0,3.0,7.0,7.0,28.5
1285,,2.0,3.0,6.0,1.0,31.8
1286,벽돌,,3.0,10.0,3.0,40.6
1287,목조,2.0,0.0,10.0,10.0,35.6
1288,목조,1.0,0.0,0.0,2.0,21.0
1289,목조,1.0,1.0,1.0,2.0,17.1
1290,철근콘크리트,2.0,3.0,5.0,2.0,32.2
1291,벽돌,1.0,1.0,5.0,6.0,18.8
1292,철근콘크리트,2.0,2.0,3.0,6.0,29.1
1293,벽돌,3.0,2.0,7.0,3.0,30.6
1294,철근콘크리트,3.0,3.0,5.0,1.0,38.6
1295,목조,1.0,3.0,7.0,8.0,32.9
1296,목조,1.0,0.0,14.0,5.0,21.6
1297,벽돌,2.0,2.0,10.0,9.0,39.7
1298,목조,2.0,1.0,0.0,9.0,31.5
1299,벽돌,2.0,2.0,11.0,10.0,32.8
1300,철근콘크리트,3.0,0.0,9.0,10.0,38.3
1301,벽돌,1.0,0.0,5.0,3.0,15.0
1302,벽돌,2.0,2.0,1.0,8.0,43.6
1303,목조,2.0,0.0,14.0,3.0,21.5
1304,목조,2.0,1.0,0.0,5.0,14.4
1305,철근콘크리트,2.0,3.0,2.0,3.0,39.0
1306,벽돌,1.0,1.0,14.0,7.0,31.1
1307,벽돌,2.0,2.0,10.0,1.0,26.6
1308,벽돌,1.0,1.0,9.0,4.0,21.4
1309,목조,2.0,3.0,13.0,5.0,32.6
1310,벽돌,2.0,3.0,5.0,1.0,17.9
1311,목조,2.0,0.0,7.0,7.0,22.4
1312,벽돌,1.0,0.0,3.0,8.0,23.4
1313,벽돌,1.0,1.0,7.0,2.0,24.6
1314,벽돌,2.0,3.0,1.0,7.0,31.3
1315,벽돌,2.0,0.0,1.0,2.0,25.3
1316,목조,1.0,1.0,2.0,10.0,27.8
1317,목조,1.0,2.0,11.0,4.0,35.2
1318,철근콘크리트,1.0,0.0,7.0,6.0,21.2
1319,철근콘크리트,1.0,3.0,11.0,9.0,28.1
1320,벽돌,2.0,1.0,1.0,2.0,21.1
1321,벽돌,2.0,1.0,3.0,6.0,36.6
1322,벽돌,2.0,1.0,7.0,10.0,24.8
1323,철근콘크리트,2.0,1.0,9.0,2.0,16.7
1324,목조,2.0,0.0,1.0,2.0,22.6
1325,벽돌,1.0,0.0,5.0,8.0,12.1
1326,목조,1.0,3.0,1.0,5.0,25.4
1327,벽돌,2.0,0.0,13.0,3.0,22.1
1328,벽돌,2.0,1.0,0.0,6.0,20.7
1329,벽돌,2.0,2.0,13.0,9.0,34.3
1330,철근콘크리트,2.0,3.0,5.0,6.0,39.7
1331,목조,1.0,3.0,9.0,3.0,24.2
1332,철근콘크리트,,0.0,5.0,7.0,21.2
1333,,2.0,2.0,5.0,3.0,33.1
1334,철근콘크리트,2.0,3.0,5.0,5.0,24.2
1335,목조,,2.0,0.0,10.0,31.9
1336,목조,2.0,1.0,2.0,6.0,30.1
1337,목조,3.0,2.0,9.0,7.0,37.1
1338,목조,2.0,2.0,10.0,6.0,21.0
1339,목조,3.0,1.0,9.0,2.0,22.4
1340,철근콘크리트,2.0,2.0,5.0,3.0,37.9
1341,벽돌,2.0,1.0,6.0,1.0,32.4
1342,목조,2.0,1.0,0.0,2.0,22.3
1343,철근콘크리트,1.0,1.0,5.0,2.0,22.4
1344,벽돌,1.0,2.0,3.0,1.0,26.6
1345,벽돌,2.0,2.0,0.0,5.0,31.6
1346,벽돌,1.0,0.0,11.0,6.0,15.7
1347,철근콘크리트,2.0,2.0,7.0,4.0,23.3
1348,철근콘크리트,1.0,3.0,7.0,6.0,30.6
1349,목조,1.0,2.0,3.0,2.0,19.4
1350,목조,1.0,1.0,0.0,9.0,22.0
1351,벽돌,2.0,1.0,5.0,10.0,24.0
1352,벽돌,2.0,0.0,3.0,5.0,19.6
1353,철근콘크리트,2.0,1.0,6.0,8.0,31.4
1354,,2.0,0.0,6.0,3.0,24.2
1355,철근콘크리트,2.0,1.0,14.0,7.0,33.5
1356,철근콘크리트,1.0,0.0,9.0,3.0,15.2
1357,목조,2.0,0.0,7.0,10.0,38.4
1358,철근콘크리트,1.0,2.0,0.0,10.0,21.6
1359,목조,1.0,1.0,3.0,3.0,20.2
1360,철근콘크리트,1.0,2.0,11.0,10.0,29.8
1361,철근콘크리트,1.0,3.0,0.0,2.0,21.3
1362,목조,2.0,0.0,11.0,10.0,31.1
1363,철근콘크리트,1.0,0.0,3.0,8.0,13.8
1364,벽돌,1.0,0.0,11.0,6.0,20.9
1365,철근콘크리트,3.0,1.0,14.0,1.0,24.3
1366,벽돌,2.0,0.0,7.0,7.0,33.6
1367,목조,2.0,2.0,4.0,6.0,35.8
1368,철근콘크리트,1.0,2.0,7.0,1.0,20.8
1369,철근콘크리트,1.0,1.0,4.0,9.0,17.3
1370,벽돌,2.0,1.0,13.0,2.0,27.7
1371,철근콘크리트,2.0,0.0,5.0,7.0,31.1
1372,철근콘크리트,1.0,0.0,12.0,9.0,19.7
1373,목조,1.0,2.0,10.0,1.0,18.5
1374,철근콘크리트,1.0,2.0,7.0,7.0,27.6
1375,벽돌,1.0,,7.0,4.0,18.2
1376,벽돌,2.0,0.0,4.0,10.0,27.1
1377,철근콘크리트,2.0,2.0,12.0,5.0,30.7
1378,철근콘크리트,2.0,1.0,5.0,2.0,34.4
1379,철근콘크리트,,,13.0,9.0,23.7
1380,철근콘크리트,2.0,3.0,6.0,10.0,40.3
1381,목조,2.0,1.0,10.0,7.0,32.1
1382,철근콘크리트,2.0,0.0,14.0,6.0,17.0
1383,목조,2.0,1.0,5.0,6.0,32.8
1384,벽돌,2.0,3.0,13.0,3.0,37.0
1385,철근콘크리트,3.0,1.0,4.0,2.0,29.1
1386,목조,1.0,0.0,11.0,2.0,28.9
1387,목조,2.0,0.0,5.0,7.0,24.3
1388,철근콘크리트,2.0,0.0,13.0,1.0,19.5
1389,벽돌,1.0,0.0,6.0,3.0,12.5
1390,벽돌,2.0,1.0,3.0,2.0,27.7
1391,벽돌,2.0,1.0,0.0,4.0,19.1
1392,목조,2.0,0.0,7.0,4.0,17.9
1393,목조,3.0,2.0,6.0,10.0,35.9
1394,목조,2.0,3.0,1.0,1.0,30.6
1395,철근콘크리트,1.0,0.0,2.0,10.0,18.2
1396,목조,2.0,1.0,13.0,8.0,19.0
1397,목조,1.0,3.0,6.0,2.0,24.6
1398,철근콘크리트,1.0,3.0,0.0,10.0,24.3
1399,벽돌,2.0,2.0,0.0,9.0,39.1
1400,목조,2.0,1.0,7.0,10.0,31.3
1401,벽돌,1.0,2.0,0.0,8.0,31.9
1402,벽돌,,,8.0,4.0,28.6
1403,목조,1.0,0.0,6.0,4.0,16.1
1404,철근콘크리트,1.0,0.0,7.0,10.0,26.2
1405,철근콘크리트,2.0,3.0,2.0,4.0,28.4
1406,철근콘크리트,,2.0,13.0,5.0,38.8
1407,벽돌,2.0,0.0,14.0,9.0,33.8
1408,목조,3.0,3.0,13.0,2.0,41.8
1409,목조,2.0,1.0,0.0,4.0,35.3
1410,벽돌,1.0,,6.0,9.0,33.4
1411,목조,3.0,2.0,4.0,4.0,26.5
1412,벽돌,1.0,2.0,13.0,1.0,28.4
1413,벽돌,2.0,3.0,2.0,1.0,19.8
1414,철근콘크리트,2.0,,12.0,9.0,25.4
1415,목조,1.0,1.0,2.0,3.0,12.2
1416,목조,2.0,1.0,4.0,9.0,24.9
1417,벽돌,2.0,3.0,7.0,2.0,19.4
1418,,2.0,3.0,10.0,1.0,33.1
1419,벽돌,1.0,1.0,7.0,2.0,17.4
1420,철근콘크리트,2.0,2.0,0.0,3.0,25.0
1421,목조,2.0,0.0,11.0,9.0,29.3
1422,철근콘크리트,2.0,0.0,10.0,1.0,20.3
1423,철근콘크리트,,0.0,0.0,8.0,12.3
1424,목조,2.0,0.0,3.0,10.0,21.7
1425,철근콘크리트,1.0,3.0,11.0,4.0,23.7
1426,목조,2.0,1.0,7.0,8.0,34.9
1427,벽돌,1.0,1.0,9.0,3.0,21.2
1428,철근콘크리트,2.0,0.0,12.0,2.0,26.6
1429,철근콘크리트,2.0,0.0,1.0,3.0,17.3
1430,목조,2.0,2.0,2.0,9.0,31.1
1431,목조,1.0,3.0,9.0,8.0,23.6
1432,벽돌,2.0,3.0,5.0,8.0,27.4
1433,,1.0,2.0,13.0,5.0,28.8
1434,벽돌,1.0,0.0,11.0,9.0,18.6
1435,목조,3.0,3.0,13.0,1.0,30.5
1436,벽돌,1.0,0.0,3.0,8.0,22.0
1437,철근콘크리트,2.0,2.0,5.0,9.0,31.1
1438,벽돌,3.0,1.0,3.0,4.0,34.0
1439,벽돌,3.0,0.0,14.0,6.0,24.2
1440,철근콘크리트,1.0,1.0,4.0,7.0,29.6
1441,철근콘크리트,2.0,0.0,8.0,8.0,28.5
1442,벽돌,2.0,1.0,6.0,1.0,14.8
1443,철근콘크리트,1.0,0.0,10.0,4.0,17.2
1444,벽돌,2.0,2.0,8.0,4.0,36.7
1445,,1.0,2.0,2.0,6.0,21.6
1446,철근콘크리트,2.0,,14.0,1.0,33.8
1447,목조,1.0,3.0,11.0,10.0,27.6
1448,벽돌,2.0,3.0,7.0,9.0,36.8
1449,목조,2.0,3.0,12.0,5.0,29.7
1450,목조,2.0,0.0,13.0,7.0,20.7
1451,목조,1.0,0.0,0.0,1.0,16.5
1452,벽돌,1.0,0.0,9.0,10.0,24.7
1453,목조,2.0,2.0,0.0,8.0,37.1
1454,목조,2.0,0.0,8.0,7.0,27.8
1455,목조,2.0,3.0,12.0,7.0,32.0
1456,벽돌,1.0,2.0,14.0,8.0,23.5
1457,철근콘크리트,2.0,1.0,1.0,1.0,29.2
1458,벽돌,2.0,1.0,11.0,4.0,31.2
1459,벽돌,2.0,2.0,12.0,7.0,27.2
1460,목조,1.0,0.0,7.0,8.0,27.4
1461,목조,1.0,0.0,4.0,7.0,18.8
1462,철근콘크리트,2.0,2.0,13.0,10.0,41.2
1463,목조,2.0,3.0,5.0,8.0,36.6
1464,목조,1.0,1.0,14.0,7.0,30.6
1465,벽돌,2.0,1.0,8.0,10.0,30.4
1466,철근콘크리트,1.0,3.0,14.0,8.0,32.7
1467,철근콘크리트,1.0,1.0,2.0,6.0,26.3
1468,철근콘크리트,3.0,3.0,13.0,6.0,34.5
1469,벽돌,1.0,3.0,2.0,2.0,16.5
1470,철근콘크리트,1.0,2.0,13.0,3.0,14.6
1471,철근콘크리트,1.0,2.0,2.0,7.0,21.8
1472,목조,2.0,,1.0,4.0,39.4
1473,철근콘크리트,2.0,3.0,8.0,4.0,31.5
1474,목조,1.0,1.0,11.0,4.0,13.3
1475,철근콘크리트,1.0,0.0,12.0,9.0,19.0
1476,벽돌,1.0,3.0,12.0,6.0,27.0
1477,벽돌,2.0,2.0,7.0,2.0,33.0
1478,벽돌,2.0,2.0,5.0,10.0,35.7
1479,벽돌,2.0,3.0,10.0,1.0,37.5
1480,벽돌,1.0,0.0,11.0,7.0,25.6
1481,철근콘크리트,2.0,1.0,8.0,2.0,32.9
1482,벽돌,2.0,3.0,13.0,2.0,27.5
1483,,1.0,2.0,8.0,4.0,11.7
1484,철근콘크리트,2.0,2.0,7.0,3.0,24.6
1485,벽돌,1.0,3.0,7.0,3.0,20.5
1486,철근콘크리트,1.0,2.0,7.0,5.0,22.5
1487,철근콘크리트,1.0,1.0,5.0,9.0,30.1
1488,목조,2.0,0.0,7.0,4.0,22.9
1489,벽돌,2.0,1.0,14.0,10.0,25.5
1490,,,2.0,2.0,5.0,30.2
1491,철근콘크리트,2.0,2.0,8.0,2.0,28.8
1492,벽돌,2.0,0.0,1.0,10.0,19.5
1493,목조,2.0,3.0,7.0,1.0,37.6
1494,벽돌,1.0,2.0,9.0,7.0,23.3
1495,벽돌,1.0,1.0,9.0,6.0,21.1
1496,벽돌,,0.0,3.0,2.0,12.1
1497,,2.0,3.0,5.0,4.0,28.4
1498,목조,1.0,3.0,3.0,7.0,18.9
1499,철근콘크리트,1.0,2.0,14.0,6.0,23.4
1500,목조,1.0,1.0,6.0,3.0,20.3
